/*
--------------------------------------------
  Created by: Torian Knox
  Created on: 8/13/2025
  Description: Inserting data into tables
--------------------------------------------
*/

USE GrantsDB;
GO

--------------------------------------------
-- 1) FUNDING SOURCES
--------------------------------------------
INSERT INTO FundingSources (Name, FiscalYear, CapAmount)
VALUES
('First 5 Scholarship Fund',  '2024-2025', 50000000.00),
('Early Childhood Innovation','2024-2025', 10000000.00);

--------------------------------------------
-- 2) PROVIDERS
--------------------------------------------
INSERT INTO Providers (Name, LicenseNo, Capacity, ZipCode, IsActive)
VALUES
('Bright Start Learning Center', 'LIC-AZ-0001', 120, '85001', 1),
('Little Stars Preschool',       'LIC-AZ-0002',  80, '85004', 1),
('Sunshine Kids Academy',        'LIC-AZ-0003', 150, '85008', 1),
('Happy Trails Childcare',       'LIC-AZ-0004',  60, '85016', 1),
('Downtown Early Learners',      'LIC-AZ-0005',  95, '85012', 1),
('West Valley Tots',             'LIC-AZ-0006', 110, '85301', 1),
('Cactus Flower Preschool',      'LIC-AZ-0007',  70, '85308', 1),
('Camelback Kids Campus',        'LIC-AZ-0008', 140, '85018', 1),
('Roosevelt Head Start',         'LIC-AZ-0009', 200, '85040', 1),
('Desert Bloom Daycare',         'LIC-AZ-0010',  50, '85041', 1);

--------------------------------------------
-- 3) FAMILIES
--------------------------------------------
INSERT INTO Families (HouseholdSize, IncomeBand)
VALUES
(3, '0–150% FPL'),
(4, '0–150% FPL'),
(5, '151–185% FPL'),
(2, '186–250% FPL'),
(4, '0–150% FPL'),
(3, '151–185% FPL'),
(6, '0–150% FPL'),
(3, '186–250% FPL'),
(5, '151–185% FPL'),
(4, '0–150% FPL');

--------------------------------------------
-- 4) CHILDREN
--------------------------------------------
INSERT INTO Children (FamilyID, FirstName, LastName, DOB)
VALUES
(1,'Aiden','Lopez','2021-05-14'),
(1,'Maya','Lopez','2020-10-03'),
(2,'Jasper','Ng','2022-01-22'),
(3,'Olivia','Banks','2020-07-30'),
(4,'Noah','Reed','2021-12-01'),
(5,'Ava','Castillo','2019-09-18'),
(6,'Ezekiel','Moore','2021-03-07'),
(7,'Zoey','Martin','2020-11-25'),
(8,'Leo','Hernandez','2021-08-10'),
(9,'Nora','Sanchez','2019-05-02'),
(10,'Amir','Johnson','2022-03-19');

--------------------------------------------
-- 5) APPLICATIONS
--------------------------------------------
INSERT INTO Applications (FamilyID, ProviderID, Status, SubmittedAt, ApprovedAt)
VALUES
(1, 2, 'Approved',     '2025-05-15', '2025-05-22'),
(2, 1, 'Approved',     '2025-05-18', '2025-05-25'),
(3, 3, 'Pending Docs', '2025-06-02',  NULL),
(4, 4, 'Submitted',    '2025-06-10',  NULL),
(5, 5, 'Approved',     '2025-05-05', '2025-05-12'),
(6, 6, 'Approved',     '2025-05-28', '2025-06-03'),
(7, 7, 'Submitted',    '2025-06-18',  NULL),
(8, 8, 'Denied',       '2025-05-22',  NULL),
(9, 9, 'Approved',     '2025-05-30', '2025-06-06'),
(10,10,'Approved',     '2025-06-01', '2025-06-07');

--------------------------------------------
-- 6) AWARDS  
--------------------------------------------
INSERT INTO Awards (ApplicationID, FundingID, StartDate, EndDate, MonthlyAmount)
VALUES
(1, 1, '2025-06-01','2025-12-31', 600.00),
(2, 1, '2025-06-01','2025-12-31', 450.00),
(5, 2, '2025-06-01','2025-12-31', 700.00),
(6, 1, '2025-06-01','2025-12-31', 500.00),
(9, 1, '2025-06-01','2025-12-31', 550.00),
(10,2, '2025-06-01','2025-12-31', 650.00);

--------------------------------------------
-- 7) DISBURSEMENTS  
--------------------------------------------
INSERT INTO Disbursements (AwardID, PeriodMonth, PaidAmount, PaidAt)
VALUES
(1, '2025-06-01', 600.00, '2025-06-30'),
(1, '2025-07-01', 600.00, '2025-07-31'),
(1, '2025-08-01', 600.00, '2025-08-31'),
(2, '2025-06-01', 450.00, '2025-06-30'),
(2, '2025-07-01', 450.00, '2025-07-31'),
(3, '2025-06-01', 700.00, '2025-06-30'),
(4, '2025-06-01', 500.00, '2025-06-30'),
(4, '2025-07-01', 500.00, '2025-07-31'),
(4, '2025-08-01', 500.00, '2025-08-31'),
(5, '2025-06-01', 550.00, '2025-06-30'),
(5, '2025-07-01', 550.00, '2025-07-31'),
(6, '2025-06-01', 650.00, '2025-06-30'),
(6, '2025-07-01', 650.00, '2025-07-31'),
(6, '2025-08-01', 650.00, '2025-08-31');

GO